name	pool	seq	length	%gc	tm
21513_F_A01_LEFT	nCoV-2019_1	CAACAGAGTTGTTATTTCTAGTGATGTTC	29	34.5	59.3
21668_R_A01_RIGHT	nCoV-2019_1	CACCACGTGTGAAAGAATTAGTG	23	43.5	58.2
21587_F_B02_LEFT	nCoV-2019_2	CCACTAGTCTCTAGTCAGTGTGTT	24	45.8	59.2
21733_R_B02_RIGHT	nCoV-2019_2	AGGTAAGAACAAGTCCTBAGTTGA	24	39.1	57.3 - 59.3
21679_F_A03_LEFT	nCoV-2019_1	TGACAAAGTTTTCAGATCCTCAGTTT	26	34.6	59.4
21849_R_A03_RIGHT	nCoV-2019_1	TCAGTGGAAGCAAAATAAACACC	23	39.1	57.8
21774_F_B04_LEFT	nCoV-2019_2	CTGGGACCAATGGTACTAAGAGG	23	52.2	59.9
21916_R_B04_RIGHT	nCoV-2019_2	AAGTAGGGACTGGGTCTTCGAA	22	50	60.5
21866_F_A05_LEFT	nCoV-2019_1	AGAGGCTGGATTTTTGGTACTACTT	25	40	60
22036_R_A05_RIGHT	nCoV-2019_1	TCTGAACTCACTTTCCATCCAACTT	25	40	60.4
21928_F_B06_LEFT	nCoV-2019_2	CGCTACTAATGTTGTTATTAAAGTCTGTG	29	34.5	59.4
22116_R_B06_RIGHT	nCoV-2019_2	TTACCCTGTTTTCCTTCAAGGTCCATA	27	40.7	62.1
22062_F_A07_LEFT	nCoV-2019_1	CTTTTGAATATGTCTCTCAGCCTTTTC	27	37	59
22242_R_A07_RIGHT	nCoV-2019_1	ACCAATGGTTCTAAAGCCGAAAAA	24	37.5	59.7
22195_F_B08_LEFT	nCoV-2019_2	TTTAGTGCGTGRTCTCCCTCAG	22	52.4	59.8 - 62.0
22344_R_B08_RIGHT	nCoV-2019_2	CCAGCTGTCCAACCTGAAGA	20	55	59.6
22298_F_A09_LEFT	nCoV-2019_1	AGAAGTTATTTGACTCCTGGTGATTCT	27	37	60.3
22488_R_A09_RIGHT	nCoV-2019_1	TCTACAGTGAAGGATTTCAACGTACA	26	38.5	60.2
22440_F_B10_LEFT	nCoV-2019_2	TTGACCCTCTCTCAGAAACAAAG	23	43.5	58.3
22637_R_B10_RIGHT	nCoV-2019_2	TGATTCTCTTCCTGTTCCAAGCATAA	26	38.5	60.5
22589_F_A11_LEFT	nCoV-2019_1	AACGCCACCAGATTTGCATCT	21	47.6	60.9
22753_R_A11_RIGHT	nCoV-2019_1	TGCATAGACATTAGTAAAGCAGAGATC	27	37	59.1
22671_F_B12_LEFT	nCoV-2019_2	ATTCCGCATCATTTTCCACT	20	40	55.7
22811_R_B12_RIGHT	nCoV-2019_2	TTCCAGTTTGCCCTGGAG	18	55.6	56.7
22767_F_A13_LEFT	nCoV-2019_1	TTAGAGGTGATGAAGTCAGACAAATC	26	38.5	58.9
22905_R_A13_RIGHT	nCoV-2019_1	TTACCACCAACCTTAGAATCAAGA	24	37.5	57.6
22853_F_B14_LEFT	nCoV-2019_2	GGCTGCGTTATAGCTTGGAATTC	23	47.8	60.3
22996_R_B14_RIGHT	nCoV-2019_2	TGTGCTACCGGCCTGATAGATT	22	50	61.3
22930_F_A15_LEFT	nCoV-2019_1	TAGGAAGTCTAATCTCAAACCTTTTGA	27	33.3	58.3
23127_R_A15_RIGHT	nCoV-2019_1	GCTGGTGCATGTAGAAGTTCAAA	23	43.5	59.7
23076_F_B16_LEFT	nCoV-2019_2	ACCAACCATACAGAGTAGTAGTACTTT	27	37	59.3
23276_R_B16_RIGHT	nCoV-2019_2	TGTCAKCAATGTCTCTGCCAAAT	23	40.9	58.7 - 61.1
23193_F_A17_LEFT	nCoV-2019_1	ATGGTTTAACAGGCACAGGTGTT	23	43.5	60.9
23400_R_A17_RIGHT	nCoV-2019_1	TGATAAAGAACAGCAACCTGGTTAGA	26	38.5	60.5
23290_F_B18_LEFT	nCoV-2019_2	CCGTGATCCACAGACACTTGAGAT	24	50	62.4
23463_R_B18_RIGHT	nCoV-2019_2	CGCCAAGTAGGAGTAAGTTGATCTG	25	48	61.2
23408_F_A19_LEFT	nCoV-2019_1	AACTGCACAGAAGTCCCTGTTG	22	50	61
23579_R_A19_RIGHT	nCoV-2019_1	TAGCGCATATACCTGCACCAAT	22	45.5	60
23513_F_B20_LEFT	nCoV-2019_2	ATAGGGGCTGAACATGTCAACA	22	45.5	59.7
23654_R_B20_RIGHT	nCoV-2019_2	ACATAGTGTAGGCAATGATGGATTG	25	40	59.2
23607_F_A21_LEFT	nCoV-2019_1	GGCGGGCACGTAGTGTAG	18	66.7	60.2
23752_R_A21_RIGHT	nCoV-2019_1	AGACACTGGTAGAATTTCTGTGGTAAC	27	40.7	61
23691_F_B22_LEFT	nCoV-2019_2	ACTCTATTGCCATACCCAYAAATTTT	26	32	57.2 - 59.6
23860_R_B22_RIGHT	nCoV-2019_2	AGCACGGTTTAATTGTGTACAAAAACT	27	33.3	60.8
23792_F_A23_LEFT	nCoV-2019_1	GGTGATTCAACTGAATGCAGCAATC	25	44	61.4
23941_R_A23_RIGHT	nCoV-2019_1	TGGTGGTGTTTTGTAAATTTGTTTGA	26	30.8	59.1
23881_F_B24_LEFT	nCoV-2019_2	ACAAGACAAAAACACCCAAGAAGTT	25	36	60
24057_R_B24_RIGHT	nCoV-2019_2	CCAGCATCTGCAAGTGTCACTTT	23	47.8	61.9
23995_F_A25_LEFT	nCoV-2019_1	ACCAAGCAAGAGGTCATTTATTGAAGA	27	37	61.2
24192_R_A25_RIGHT	nCoV-2019_1	AGTGCAGAAGTGTATTGAGCAATC	24	41.7	59.6
24144_F_B26_LEFT	nCoV-2019_2	TGCCACCTTTGCTCACAGATG	21	52.4	61.2
24310_R_B26_RIGHT	nCoV-2019_2	GAGAACATTCTGTGTAACTCCAATACC	27	40.7	59.9
24256_F_A29_LEFT	nCoV-2019_1	TGCTATGCAAATGGCTTATAGGTTTAA	27	33.3	59.7
24423_R_A29_RIGHT	nCoV-2019_1	TGGTTGACCACATCTTGAAGTTTTC	25	40	60.2
24355_F_B30_LEFT	nCoV-2019_2	TGGCAAAATTCAAGACTCACTTTCT	25	36	59.6
24537_R_B30_RIGHT	nCoV-2019_2	TGCACTTCAGCCTCAACTTTGT	22	45.5	60.9
24445_F_A31_LEFT	nCoV-2019_1	GCTTGTTAAACAACTTAGCTCCAATT	26	34.6	59.1
24623_R_A31_RIGHT	nCoV-2019_1	AAGCTCTGATTTCTGCAGCTCTA	23	43.5	59.8
24560_F_B32_LEFT	nCoV-2019_2	AGACTTCAAAGTTTGCAGACATATGT	26	34.6	59.5
24705_R_B32_RIGHT	nCoV-2019_2	TGATAGCCCTTTCCACAAAAATCAA	25	36	59.5
24633_F_A33_LEFT	nCoV-2019_1	TTGCTGCTAYTAAAATGTCAGAGTG	25	37.5	58.2 - 59.6
24777_R_A33_RIGHT	nCoV-2019_1	TCTTGTGCAGGGACATAAGTCAC	23	47.8	60.6
24717_F_B34_LEFT	nCoV-2019_2	TCCCTCAGTCAGCACCTCAT	20	55	60.3
24862_R_B34_RIGHT	nCoV-2019_2	TGTGCCATTTGAAACAAAGACACC	24	41.7	60.9
24802_F_A35_LEFT	nCoV-2019_1	CATTTGTCATGATGGAAAAGCACAC	25	40	59.9
24947_R_A35_RIGHT	nCoV-2019_1	CAACATCACAGTTACCAGACACAA	24	41.7	59.4
24896_F_B36_LEFT	nCoV-2019_2	CCACAAATCATTACTACAGACAACACA	27	37	60
25082_R_B36_RIGHT	nCoV-2019_2	CATTAATGCCAGAGATGTCACC	22	45.5	57.2
24970_F_A37_LEFT	nCoV-2019_1	AGTTTATGATCCTTTGCAACCTG	23	39.1	57.4
25146_R_A37_RIGHT	nCoV-2019_1	TCATTTAAATTCTTGGCAACCTC	23	34.8	55.7
25096_F_B38_LEFT	nCoV-2019_2	CATTCAAAAAGAAATTGACCGCCTC	25	40	59.9
25283_R_B38_RIGHT	nCoV-2019_2	AGCAACTGGTCATACAGCAAAG	22	45.5	59.2
25202_F_A39_LEFT	nCoV-2019_1	TGGTACATTTGGCTAGGTTTTATAGC	26	38.5	59.5
25354_R_A39_RIGHT	nCoV-2019_1	CACTGGCTCAGAGTCGTCTTC	21	57.1	60.4
25286_F_B40_LEFT	nCoV-2019_2	AGTTGTCTCAAGGGCTGTTGTT	22	45.5	60.4
25430_R_B40_RIGHT	nCoV-2019_2	ACAGTTCCAATTGTGAAGATTCTCAT	26	34.6	59.3