name	pool	seq	length	%gc	tm (use 65)
ATG_LEFT	nCoV-2019_1	CAGAGTTGTTATTTCTAGTGATGTTCTTG	29	34.48	60.05
ATG_RIGHT	nCoV-2019_1	CGTGTGAAAGAATTAGTGTATGCAG	25	40	60.12
dec20.uniq.140_166_LEFT	nCoV-2019_2	CCACTAGTCTCTAGTCAGTGTGTT	24	45.83	59.56
dec20.uniq.140_166_RIGHT	nCoV-2019_2	AGGTAAGAACAAGTCCTGAGTTGA	24	41.67	59.67
HV69-70_LEFT	nCoV-2019_1	GGACTTGTTCTTACCTTTCTTTTCC	25	40	59.94
HV69-70_RIGHT	nCoV-2019_1	TCAGTGGAAGCAAAATAAACACC	23	39.13	60.39
dec20.uniq.140_167_LEFT	nCoV-2019_2	CTGGGACCAATGGTACTAAGAGG	23	52.17	60.12
dec20.uniq.140_167_RIGHT	nCoV-2019_2	AAGTAGGGACTGGGTCTTCGAA	22	50	60.68
dec20.uniq.140_168_LEFT	nCoV-2019_1	ATTCGAAGACCCAGTCCCTACT	22	50	60.48
dec20.uniq.140_168_RIGHT	nCoV-2019_1	TCTGAACTCACTTTCCATCCAACTT	25	40	60.79
Gap1_LEFT	nCoV-2019_2	TGTGAATTTCAATTTTGTAATGATCC	26	26.92	60.33
Gap1_RIGHT	nCoV-2019_2	GGTCCATAAGAAAAGGCTGAGAG	23	47.83	60.59
dec20.uniq.140_169_LEFT	nCoV-2019_1	TCTCTCAGCCTTTTCTTATGGACC	24	45.83	60.4
dec20.uniq.140_169_RIGHT	nCoV-2019_1	CCTGAGGGAGAYCACGCACTAA	22	54.55	61.71
dec20.uniq.140_170_LEFT	nCoV-2019_2	TTTAGTGCGTGRTCTCCCTCAG	22	50	60.01
dec20.uniq.140_170_RIGHT	nCoV-2019_2	TCCAACCTGAAGAAGAATCACCA	23	43.48	59.86
dec20.uniq.140_172_LEFT	nCoV-2019_1	AGGTTGGACAGCTGGTGCT	19	57.89	60.88
dec20.uniq.140_172_RIGHT	nCoV-2019_1	AGGATTTCAACGTACACTTTGTTTCT	26	34.62	60.66
dec20.uniq.140_173_LEFT	nCoV-2019_2	TGCACTTGACCCTCTCTCAGAA	22	50	61.21
dec20.uniq.140_173_RIGHT	nCoV-2019_2	CACCAAAAGGGCACAAGTTTGT	22	45.45	60.54
Gap2_LEFT	nCoV-2019_1	CAAACTTGTGCCCTTTTGG	19	47.37	59.16
Gap2_RIGHT	nCoV-2019_1	ACTCCATAACACTTAAAAGTGGAAAAT	27	29.63	58.98
Gap3_LEFT	nCoV-2019_2	ATTCCGCATCATTTTCCACT	20	40	59.39
Gap3_RIGHT	nCoV-2019_2	TTCCAGTTTGCCCTGGAG	18	55.56	59.76
Gap4_LEFT	nCoV-2019_1	GGTGATGAAGTCAGACAAATCG	22	45.45	59.6
Gap4_RIGHT	nCoV-2019_1	TTACCACCAACCTTAGAATCAAGA	24	37.5	59.1
dec20.uniq.140_174_LEFT	nCoV-2019_2	GGCTGCGTTATAGCTTGGAATTC	23	47.83	60.55
dec20.uniq.140_174_RIGHT	nCoV-2019_2	TGTGCTACCGGCCTGATAGATT	22	50	61.47
dec20.uniq.140_175_LEFT	nCoV-2019_1	GCCGGTAGCACACCTTGTAATG	22	54.55	62
dec20.uniq.140_175_RIGHT	nCoV-2019_1	GCTGGTGCATGTAGAAGTTCAAA	23	43.48	60
Gap5_LEFT	nCoV-2019_2	ACATGCACCAGCAACTGTTT	20	45	59.22
Gap5_RIGHT	nCoV-2019_2	TGCCAAATTGTTGGAAAGG	19	42.11	59.5
dec20.uniq.140_176_LEFT	nCoV-2019_1	GGCAGAGACATTGMTGACACTA	22	50	60.53
dec20.uniq.140_176_RIGHT	nCoV-2019_1	TGATAAAGAACAGCAACCTGGTTAGA	26	38.46	60.91
dec20.uniq.140_177_LEFT	nCoV-2019_2	CTTGACATTACACCATGTTCTTTTGG	26	38.46	59.79
dec20.uniq.140_177_RIGHT	nCoV-2019_2	CCAAGTAGGAGTAAGTTGATCTGCA	25	44	60.72
dec20.uniq.140_178_LEFT	nCoV-2019_1	TCATGCAGATCAACTTACTCCTACT	25	40	59.73
dec20.uniq.140_178_RIGHT	nCoV-2019_1	TAGCGCATATACCTGCACCAAT	22	45.45	60.14
dec20.uniq.140_179_LEFT	nCoV-2019_2	ATAGGGGCTGAACATGTCAACA	22	45.45	59.88
dec20.uniq.140_179_RIGHT	nCoV-2019_2	ACATAGTGTAGGCAATGATGGATTG	25	40	59.62
Gap6_LEFT	nCoV-2019_1	GGCGGGCACGTAGTGTAG	18	66.67	60.29
Gap6_RIGHT	nCoV-2019_1	AGACACTGGTAGAATTTCTGTGGTAAC	23	40.74	60.25
dec20.uniq.140_180_LEFT	nCoV-2019_2	ACTCTATTGCCATACCCAYAAATTTT	26	34.62	60.01
dec20.uniq.140_180_RIGHT	nCoV-2019_2	ACTGCCATATTGCAACAAAAGATTG	25	36	59.74
dec20.uniq.140_181_LEFT	nCoV-2019_1	CCACAGAAATTCTACCAGTGTCTATG	26	42.31	59.9
dec20.uniq.140_181_RIGHT	nCoV-2019_1	CAGCTATTCCAGTTAAAGCACGG	23	47.83	60.18
dec20.uniq.140_182_LEFT	nCoV-2019_2	ATAGCTGTTGAACAAGACAAAAACAC	26	34.62	59.68
dec20.uniq.140_182_RIGHT	nCoV-2019_2	AATAAATGACCTCTTGCTTGGTTTTG	26	34.62	59.51
dec20.uniq.140_183_LEFT	nCoV-2019_1	TCCATCAAAACCAAGCAAGAGGT	23	43.48	60.95
dec20.uniq.140_183_RIGHT	nCoV-2019_1	CCGTTAAACTTTTGTGCACAAATGA	25	36	60.08
dec20.uniq.140_184_LEFT	nCoV-2019_2	CAGATGCTGGCTTCATCAAACA	22	45.45	59.69
dec20.uniq.140_184_RIGHT	nCoV-2019_2	CAGTGCAGAAGTGTATTGAGCAA	23	43.48	59.75
Gap7_LEFT	nCoV-2019_1	TTGCTGCTAGAGACCTCATTTGT	23	43.48	60.44
Gap7_RIGHT	nCoV-2019_1	TGCACCAAAGGTCCAACC	18	55.56	60.51
dec20.uniq.140_185_LEFT	nCoV-2019_2	AGGTGCTGCATTACAAATACCATT	24	37.5	59.61
dec20.uniq.140_185_RIGHT	nCoV-2019_2	GAAAGTGAGTCTTGAATTTTGCCAAT	26	34.62	59.73
Gap8_LEFT	nCoV-2019_1	GCAAATGGCTTATAGGTTTAATGG	24	37.5	60.11
Gap8_RIGHT	nCoV-2019_1	GTGCACTTGCTGTGGAAGAA	20	50	60.03
dec20.uniq.140_186_LEFT	nCoV-2019_2	GCACTTGGAAAACTTCAAGATGTG	24	41.67	59.57
dec20.uniq.140_186_RIGHT	nCoV-2019_2	TGCACTTCAGCCTCAACTTTGT	22	45.45	61.13
dec20.uniq.140_187_LEFT	nCoV-2019_1	GCTTGTTAAACAACTTAGCTCCAATT	26	34.62	59.51
dec20.uniq.140_187_RIGHT	nCoV-2019_1	TGAGTCACATATGTCTGCAAACTTTG	26	38.46	60.73
dec20.uniq.140_188_LEFT	nCoV-2019_2	AGACTTCAAAGTTTGCAGACATATGT	26	34.62	59.95
dec20.uniq.140_188_RIGHT	nCoV-2019_2	TGATAGCCCTTTCCACAAAAATCAA	25	36	59.84
dec20.uniq.140_189_LEFT	nCoV-2019_1	TTGCTGCTACTAAAATGTCAGAGTG	25	40	59.97
dec20.uniq.140_189_RIGHT	nCoV-2019_1	TCTTGTGCAGGGACATAAGTCAC	23	47.83	60.81
dec20.uniq.140_190_LEFT	nCoV-2019_2	TCCCTCAGTCAGCACCTCAT	20	55	60.27
dec20.uniq.140_190_RIGHT	nCoV-2019_2	TGTGCCATTTGAAACAAAGACACC	24	41.67	61.24
dec20.uniq.140_191_LEFT	nCoV-2019_1	CATTTGTCATGATGGAAAAGCACAC	25	40	60.25
dec20.uniq.140_191_RIGHT	nCoV-2019_1	CAACATCACAGTTACCAGACACAA	24	41.67	59.74
Gap9_LEFT	nCoV-2019_2	CTGGTTTGTAACACAAAGGAATTTT	25	32	59.76
Gap9_RIGHT	nCoV-2019_2	AATTCAGGTTGCAAAGGATCA	21	38.1	59.56
Gap10_LEFT	nCoV-2019_1	TGATCCTTTGCAACCTGAATTA	22	36.36	59.59
Gap10_RIGHT	nCoV-2019_1	GGCGGTCAATTTCTTTTTGA	20	40	60.05
dec20.uniq.140_192_LEFT	nCoV-2019_2	CATTCAAAAAGAAATTGACCGCCTC	25	40	60.25
dec20.uniq.140_192_RIGHT	nCoV-2019_2	GCAATCAAGCCAGCTATAAAACCT	24	41.67	60.22
dec20.uniq.140_193_LEFT	nCoV-2019_1	AATCTCTCATCGATCTCCAAGAACT	25	40	59.79
dec20.uniq.140_193_RIGHT	nCoV-2019_1	ACAACTACAGCAACTGGTCATACA	24	41.67	60.52
dec20.uniq.140_194_LEFT	nCoV-2019_2	AGTTGTCTCAAGGGCTGTTGTT	22	45.45	60.54
dec20.uniq.140_194_RIGHT	nCoV-2019_2	ACAGTTCCAATTGTGAAGATTCTCAT	26	34.62	59.72